algorithm,run,metric,step,value
PPO,6,train/value_loss,16384,306.68518
PPO,6,train/value_loss,20000,259.37659
PPO,6,train/value_loss,32768,165.81369
PPO,6,train/value_loss,40000,98.38949
PPO,6,train/value_loss,49152,49.33552
PPO,6,train/value_loss,57344,30.66121
PPO,6,train/value_loss,60000,19.18593
PPO,6,train/value_loss,73728,7.39921
PPO,6,train/value_loss,80000,7.73055
PPO,6,train/value_loss,90112,6.41845
PPO,6,train/value_loss,98304,6.85775
PPO,6,train/value_loss,100000,6.97284
PPO,6,train/value_loss,114688,8.18519
PPO,6,train/value_loss,120000,8.50076
PPO,6,train/value_loss,131072,9.14433
PPO,6,train/value_loss,139264,9.80272
PPO,6,train/value_loss,140000,8.50202
PPO,6,train/value_loss,155648,8.9552
PPO,6,train/policy_gradient_loss,16384,-0.01207
PPO,6,train/policy_gradient_loss,20000,-0.00385
PPO,6,train/policy_gradient_loss,32768,-0.01202
PPO,6,train/policy_gradient_loss,40000,-0.00821
PPO,6,train/policy_gradient_loss,49152,-0.00998
PPO,6,train/policy_gradient_loss,57344,-0.00171
PPO,6,train/policy_gradient_loss,60000,-0.00343
PPO,6,train/policy_gradient_loss,73728,-0.00269
PPO,6,train/policy_gradient_loss,80000,-0.00486
PPO,6,train/policy_gradient_loss,90112,-0.00074
PPO,6,train/policy_gradient_loss,98304,-0.00017
PPO,6,train/policy_gradient_loss,100000,-0.00258
PPO,6,train/policy_gradient_loss,114688,-0.00116
PPO,6,train/policy_gradient_loss,120000,-0.00285
PPO,6,train/policy_gradient_loss,131072,-0.00036
PPO,6,train/policy_gradient_loss,139264,-0.0019
PPO,6,train/policy_gradient_loss,140000,-0.00454
PPO,6,train/policy_gradient_loss,155648,-3e-05
PPO,6,train/entropy_loss,16384,-1.08864
PPO,6,train/entropy_loss,20000,-1.091
PPO,6,train/entropy_loss,32768,-1.08976
PPO,6,train/entropy_loss,40000,-1.0813
PPO,6,train/entropy_loss,49152,-1.07222
PPO,6,train/entropy_loss,57344,-1.06974
PPO,6,train/entropy_loss,60000,-1.05757
PPO,6,train/entropy_loss,73728,-1.05004
PPO,6,train/entropy_loss,80000,-1.0399
PPO,6,train/entropy_loss,90112,-1.02995
PPO,6,train/entropy_loss,98304,-1.03028
PPO,6,train/entropy_loss,100000,-1.01811
PPO,6,train/entropy_loss,114688,-1.00957
PPO,6,train/entropy_loss,120000,-1.00855
PPO,6,train/entropy_loss,131072,-1.00099
PPO,6,train/entropy_loss,139264,-0.98799
PPO,6,train/entropy_loss,140000,-0.96875
PPO,6,train/entropy_loss,155648,-0.95779
DQN,1,train/loss,1152,0.66509
DQN,1,train/loss,2304,0.56685
DQN,1,train/loss,3456,0.32795
DQN,1,train/loss,4608,0.87943
DQN,1,train/loss,5000,0.51172
DQN,1,train/loss,5760,0.7495
DQN,1,train/loss,6912,1.03415
DQN,1,train/loss,8064,1.28829
DQN,1,train/loss,9216,1.54585
DQN,1,train/loss,10000,1.59989
DQN,1,train/loss,10368,1.89115
DQN,1,train/loss,11520,1.69808
DQN,1,train/loss,12672,2.07965
DQN,1,train/loss,13824,2.20759
DQN,1,train/loss,14976,2.07267
DQN,1,train/loss,15000,2.06216
DQN,1,train/loss,16128,2.33918
DQN,1,train/loss,17280,2.87089
DQN,1,train/loss,18432,1.58673
DQN,1,train/loss,19584,1.55749
DQN,1,train/loss,20000,2.08417
DQN,1,train/loss,20736,2.45647
DQN,1,train/loss,21888,2.54849
DQN,1,train/loss,23040,2.14625
DQN,1,train/loss,24192,2.13494
DQN,1,train/loss,25000,2.2555
DQN,1,train/loss,25344,2.95058
DQN,1,train/loss,26496,2.24357
DQN,1,train/loss,27648,2.32928
DQN,1,train/loss,28800,2.18787
DQN,1,train/loss,29952,2.46664
DQN,1,train/loss,30000,2.69784
DQN,1,train/loss,31104,1.99663
DQN,1,train/loss,32256,2.24185
DQN,1,train/loss,33408,2.09435
DQN,1,train/loss,34560,1.90488
DQN,1,train/loss,35000,2.21562
DQN,1,train/loss,35712,2.46932
DQN,1,train/loss,36864,1.64445
DQN,1,train/loss,38016,1.42818
DQN,1,train/loss,39168,1.86356
DQN,1,train/loss,40000,1.3369
DQN,1,train/loss,40320,2.08423
DQN,1,train/loss,41472,1.25671
DQN,1,train/loss,42624,1.15194
DQN,1,train/loss,43776,1.40251
DQN,1,train/loss,44928,1.3149
DQN,1,train/loss,45000,1.59295
DQN,1,train/loss,46080,0.87684
DQN,1,train/loss,47232,1.00505
DQN,1,train/loss,48384,1.25528
DQN,1,train/loss,49536,1.02382
DQN,1,train/loss,50000,0.75618
DQN,1,train/loss,50688,0.8051
DQN,1,train/loss,51840,0.84629
DQN,1,train/loss,52992,0.96303
DQN,1,train/loss,54144,0.71356
DQN,1,train/loss,55000,0.69627
DQN,1,train/loss,55296,0.75518
DQN,1,train/loss,56448,0.55327
DQN,1,train/loss,57600,0.71968
DQN,1,train/loss,58752,0.56351
DQN,1,train/loss,59904,0.4112
DQN,1,train/loss,60000,0.6241
DQN,1,train/loss,61056,0.50551
DQN,1,train/loss,62208,0.34181
DQN,1,train/loss,63360,0.52523
DQN,1,train/loss,64512,0.41548
DQN,1,train/loss,65000,0.44169
DQN,1,train/loss,65664,0.54188
DQN,1,train/loss,66816,0.56014
DQN,1,train/loss,67968,0.47391
DQN,1,train/loss,69120,0.36242
DQN,1,train/loss,70000,0.28913
DQN,1,train/loss,70272,0.44178
DQN,1,train/loss,71424,0.30488
DQN,1,train/loss,72576,0.24714
DQN,1,train/loss,73728,0.30302
DQN,1,train/loss,74880,0.22081
DQN,1,train/loss,75000,0.31673
DQN,1,train/loss,76032,0.2099
DQN,1,train/loss,77184,0.22812
DQN,1,train/loss,78336,0.1772
DQN,1,train/loss,79488,0.19394
DQN,1,train/loss,80000,0.23206
DQN,1,train/loss,80640,0.18205
DQN,1,train/loss,81792,0.17048
DQN,1,train/loss,82944,0.21015
DQN,1,train/loss,84096,0.14205
DQN,1,train/loss,85000,0.15519
DQN,1,train/loss,85248,0.12497
DQN,1,train/loss,86400,0.14695
DQN,1,train/loss,87552,0.17452
DQN,1,train/loss,88704,0.19408
DQN,1,train/loss,89856,0.20761
DQN,1,train/loss,90000,0.14403
DQN,1,train/loss,91008,0.23207
DQN,1,train/loss,92160,0.14103
DQN,1,train/loss,93312,0.14413
DQN,1,train/loss,94464,0.13668
DQN,1,train/loss,95000,0.23715
DQN,1,train/loss,95616,0.1593
DQN,1,train/loss,96768,0.15204
DQN,1,train/loss,97920,0.17626
DQN,1,train/loss,99072,0.16919
DQN,1,train/loss,100000,0.23044
DQN,1,train/loss,100224,0.24884
DQN,1,train/loss,101376,0.22365
DQN,1,train/loss,102528,0.1943
DQN,1,train/loss,103680,0.30042
DQN,1,train/loss,104832,0.2235
DQN,1,train/loss,105000,0.22354
DQN,1,train/loss,105984,0.18862
DQN,1,train/loss,107136,0.2513
DQN,1,train/loss,108288,0.19452
DQN,1,train/loss,109440,0.24232
DQN,1,train/loss,110000,0.27156
DQN,1,train/loss,110592,0.18559
DQN,1,train/loss,111744,0.17293
DQN,1,train/loss,112896,0.21286
DQN,1,train/loss,114048,0.15424
DQN,1,train/loss,115000,0.25762
DQN,1,train/loss,115200,0.25762
DQN,1,train/loss,116352,0.16046
DQN,1,train/loss,117504,0.20084
DQN,1,train/loss,118656,0.23123
DQN,1,train/loss,119808,0.19513
DQN,1,train/loss,120000,0.3003
DQN,1,train/loss,120960,0.16968
DQN,1,train/loss,122112,0.1228
DQN,1,train/loss,123264,0.12595
DQN,1,train/loss,124416,0.14547
DQN,1,train/loss,125000,0.12116
DQN,1,train/loss,125568,0.11081
DQN,1,train/loss,126720,0.14136
DQN,1,train/loss,127872,0.10941
DQN,1,train/loss,129024,0.16429
DQN,1,train/loss,130000,0.12026
DQN,1,train/loss,130176,0.11312
DQN,1,train/loss,131328,0.14407
DQN,1,train/loss,132480,0.16302
DQN,1,train/loss,133632,0.14117
DQN,1,train/loss,134784,0.12295
DQN,1,train/loss,135000,0.17838
DQN,1,train/loss,135936,0.11879
DQN,1,train/loss,137088,0.06591
DQN,1,train/loss,138240,0.14841
DQN,1,train/loss,139392,0.14722
DQN,1,train/loss,140000,0.09804
DQN,1,train/loss,140544,0.13321
DQN,1,train/loss,141696,0.14863
DQN,1,train/loss,142848,0.10711
DQN,1,train/loss,144000,0.1212
DQN,1,train/loss,145000,0.22611
DQN,1,train/loss,145152,0.16271
DQN,1,train/loss,146304,0.20257
DQN,1,train/loss,147456,0.13817
DQN,1,train/loss,148608,0.14707
DQN,1,train/loss,149760,0.21808
DQN,1,train/loss,150000,0.17243
DQN,1,rollout/exploration_rate,1152,0.97568
DQN,1,rollout/exploration_rate,2304,0.95136
DQN,1,rollout/exploration_rate,3456,0.92704
DQN,1,rollout/exploration_rate,4608,0.90272
DQN,1,rollout/exploration_rate,5000,0.89447
DQN,1,rollout/exploration_rate,5760,0.8784
DQN,1,rollout/exploration_rate,6912,0.85408
DQN,1,rollout/exploration_rate,8064,0.82976
DQN,1,rollout/exploration_rate,9216,0.80544
DQN,1,rollout/exploration_rate,10000,0.78891
DQN,1,rollout/exploration_rate,10368,0.78112
DQN,1,rollout/exploration_rate,11520,0.7568
DQN,1,rollout/exploration_rate,12672,0.73248
DQN,1,rollout/exploration_rate,13824,0.70816
DQN,1,rollout/exploration_rate,14976,0.68384
DQN,1,rollout/exploration_rate,15000,0.68335
DQN,1,rollout/exploration_rate,16128,0.65952
DQN,1,rollout/exploration_rate,17280,0.6352
DQN,1,rollout/exploration_rate,18432,0.61088
DQN,1,rollout/exploration_rate,19584,0.58656
DQN,1,rollout/exploration_rate,20000,0.5778
DQN,1,rollout/exploration_rate,20736,0.56224
DQN,1,rollout/exploration_rate,21888,0.53792
DQN,1,rollout/exploration_rate,23040,0.5136
DQN,1,rollout/exploration_rate,24192,0.48928
DQN,1,rollout/exploration_rate,25000,0.47224
DQN,1,rollout/exploration_rate,25344,0.46496
DQN,1,rollout/exploration_rate,26496,0.44064
DQN,1,rollout/exploration_rate,27648,0.41632
DQN,1,rollout/exploration_rate,28800,0.392
DQN,1,rollout/exploration_rate,29952,0.36768
DQN,1,rollout/exploration_rate,30000,0.36669
DQN,1,rollout/exploration_rate,31104,0.34336
DQN,1,rollout/exploration_rate,32256,0.31904
DQN,1,rollout/exploration_rate,33408,0.29472
DQN,1,rollout/exploration_rate,34560,0.2704
DQN,1,rollout/exploration_rate,35000,0.26113
DQN,1,rollout/exploration_rate,35712,0.24608
DQN,1,rollout/exploration_rate,36864,0.22176
DQN,1,rollout/exploration_rate,38016,0.19744
DQN,1,rollout/exploration_rate,39168,0.17312
DQN,1,rollout/exploration_rate,40000,0.15558
DQN,1,rollout/exploration_rate,40320,0.1488
DQN,1,rollout/exploration_rate,41472,0.12448
DQN,1,rollout/exploration_rate,42624,0.10016
DQN,1,rollout/exploration_rate,43776,0.07584
DQN,1,rollout/exploration_rate,44928,0.05152
DQN,1,rollout/exploration_rate,45000,0.05002
DQN,1,rollout/exploration_rate,46080,0.05
DQN,1,rollout/exploration_rate,47232,0.05
DQN,1,rollout/exploration_rate,48384,0.05
DQN,1,rollout/exploration_rate,49536,0.05
DQN,1,rollout/exploration_rate,50000,0.05
DQN,1,rollout/exploration_rate,50688,0.05
DQN,1,rollout/exploration_rate,51840,0.05
DQN,1,rollout/exploration_rate,52992,0.05
DQN,1,rollout/exploration_rate,54144,0.05
DQN,1,rollout/exploration_rate,55000,0.05
DQN,1,rollout/exploration_rate,55296,0.05
DQN,1,rollout/exploration_rate,56448,0.05
DQN,1,rollout/exploration_rate,57600,0.05
DQN,1,rollout/exploration_rate,58752,0.05
DQN,1,rollout/exploration_rate,59904,0.05
DQN,1,rollout/exploration_rate,60000,0.05
DQN,1,rollout/exploration_rate,61056,0.05
DQN,1,rollout/exploration_rate,62208,0.05
DQN,1,rollout/exploration_rate,63360,0.05
DQN,1,rollout/exploration_rate,64512,0.05
DQN,1,rollout/exploration_rate,65000,0.05
DQN,1,rollout/exploration_rate,65664,0.05
DQN,1,rollout/exploration_rate,66816,0.05
DQN,1,rollout/exploration_rate,67968,0.05
DQN,1,rollout/exploration_rate,69120,0.05
DQN,1,rollout/exploration_rate,70000,0.05
DQN,1,rollout/exploration_rate,70272,0.05
DQN,1,rollout/exploration_rate,71424,0.05
DQN,1,rollout/exploration_rate,72576,0.05
DQN,1,rollout/exploration_rate,73728,0.05
DQN,1,rollout/exploration_rate,74880,0.05
DQN,1,rollout/exploration_rate,75000,0.05
DQN,1,rollout/exploration_rate,76032,0.05
DQN,1,rollout/exploration_rate,77184,0.05
DQN,1,rollout/exploration_rate,78336,0.05
DQN,1,rollout/exploration_rate,79488,0.05
DQN,1,rollout/exploration_rate,80000,0.05
DQN,1,rollout/exploration_rate,80640,0.05
DQN,1,rollout/exploration_rate,81792,0.05
DQN,1,rollout/exploration_rate,82944,0.05
DQN,1,rollout/exploration_rate,84096,0.05
DQN,1,rollout/exploration_rate,85000,0.05
DQN,1,rollout/exploration_rate,85248,0.05
DQN,1,rollout/exploration_rate,86400,0.05
DQN,1,rollout/exploration_rate,87552,0.05
DQN,1,rollout/exploration_rate,88704,0.05
DQN,1,rollout/exploration_rate,89856,0.05
DQN,1,rollout/exploration_rate,90000,0.05
DQN,1,rollout/exploration_rate,91008,0.05
DQN,1,rollout/exploration_rate,92160,0.05
DQN,1,rollout/exploration_rate,93312,0.05
DQN,1,rollout/exploration_rate,94464,0.05
DQN,1,rollout/exploration_rate,95000,0.05
DQN,1,rollout/exploration_rate,95616,0.05
DQN,1,rollout/exploration_rate,96768,0.05
DQN,1,rollout/exploration_rate,97920,0.05
DQN,1,rollout/exploration_rate,99072,0.05
DQN,1,rollout/exploration_rate,100000,0.05
DQN,1,rollout/exploration_rate,100224,0.05
DQN,1,rollout/exploration_rate,101376,0.05
DQN,1,rollout/exploration_rate,102528,0.05
DQN,1,rollout/exploration_rate,103680,0.05
DQN,1,rollout/exploration_rate,104832,0.05
DQN,1,rollout/exploration_rate,105000,0.05
DQN,1,rollout/exploration_rate,105984,0.05
DQN,1,rollout/exploration_rate,107136,0.05
DQN,1,rollout/exploration_rate,108288,0.05
DQN,1,rollout/exploration_rate,109440,0.05
DQN,1,rollout/exploration_rate,110000,0.05
DQN,1,rollout/exploration_rate,110592,0.05
DQN,1,rollout/exploration_rate,111744,0.05
DQN,1,rollout/exploration_rate,112896,0.05
DQN,1,rollout/exploration_rate,114048,0.05
DQN,1,rollout/exploration_rate,115000,0.05
DQN,1,rollout/exploration_rate,115200,0.05
DQN,1,rollout/exploration_rate,116352,0.05
DQN,1,rollout/exploration_rate,117504,0.05
DQN,1,rollout/exploration_rate,118656,0.05
DQN,1,rollout/exploration_rate,119808,0.05
DQN,1,rollout/exploration_rate,120000,0.05
DQN,1,rollout/exploration_rate,120960,0.05
DQN,1,rollout/exploration_rate,122112,0.05
DQN,1,rollout/exploration_rate,123264,0.05
DQN,1,rollout/exploration_rate,124416,0.05
DQN,1,rollout/exploration_rate,125000,0.05
DQN,1,rollout/exploration_rate,125568,0.05
DQN,1,rollout/exploration_rate,126720,0.05
DQN,1,rollout/exploration_rate,127872,0.05
DQN,1,rollout/exploration_rate,129024,0.05
DQN,1,rollout/exploration_rate,130000,0.05
DQN,1,rollout/exploration_rate,130176,0.05
DQN,1,rollout/exploration_rate,131328,0.05
DQN,1,rollout/exploration_rate,132480,0.05
DQN,1,rollout/exploration_rate,133632,0.05
DQN,1,rollout/exploration_rate,134784,0.05
DQN,1,rollout/exploration_rate,135000,0.05
DQN,1,rollout/exploration_rate,135936,0.05
DQN,1,rollout/exploration_rate,137088,0.05
DQN,1,rollout/exploration_rate,138240,0.05
DQN,1,rollout/exploration_rate,139392,0.05
DQN,1,rollout/exploration_rate,140000,0.05
DQN,1,rollout/exploration_rate,140544,0.05
DQN,1,rollout/exploration_rate,141696,0.05
DQN,1,rollout/exploration_rate,142848,0.05
DQN,1,rollout/exploration_rate,144000,0.05
DQN,1,rollout/exploration_rate,145000,0.05
DQN,1,rollout/exploration_rate,145152,0.05
DQN,1,rollout/exploration_rate,146304,0.05
DQN,1,rollout/exploration_rate,147456,0.05
DQN,1,rollout/exploration_rate,148608,0.05
DQN,1,rollout/exploration_rate,149760,0.05
DQN,1,rollout/exploration_rate,150000,0.05
